time,windspeed_10m_max (km/h),precipitation_sum (mm),temperature_2m_max (°C),temperature_2m_min (°C),weather_code (wmo code),relative_humidity_2m_mean (%)
2024-06-07,13.8,0.8,24.7,15.6,53,80
2024-06-08,16.9,0.1,28.1,17.9,51,80
2024-06-09,13.8,0.0,30.3,19.0,3,75
2024-06-10,17.6,0.5,24.8,20.1,51,74
2024-06-11,16.7,4.4,25.9,20.5,61,83
2024-06-12,14.8,2.2,28.2,21.6,53,84
2024-06-13,17.2,0.1,30.5,20.2,51,83
2024-06-14,18.9,0.0,30.4,20.8,3,81
2024-06-15,12.5,0.0,31.3,20.4,3,75
2024-06-16,16.8,0.0,31.8,19.6,3,76
2024-06-17,19.3,2.6,27.5,20.0,61,73
2024-06-18,21.3,0.0,29.3,16.9,3,68
2024-06-19,17.6,23.2,27.4,21.5,63,90
2024-06-20,21.1,34.1,29.2,24.0,65,89
2024-06-21,18.3,5.7,31.0,23.8,61,90
2024-06-22,17.7,10.2,31.5,25.5,61,87
2024-06-23,20.0,50.8,27.2,20.6,65,91
2024-06-24,17.8,8.5,27.8,21.0,61,89
2024-06-25,10.2,27.1,23.0,20.0,63,92
2024-06-26,25.6,63.4,24.9,19.9,63,93
2024-06-27,15.4,32.8,24.5,22.1,63,92
2024-06-28,17.8,14.5,27.1,21.1,63,90
2024-06-29,24.3,8.7,30.9,23.8,63,83
2024-06-30,14.7,43.4,26.9,24.2,63,93
2024-07-01,15.4,28.1,30.5,23.9,65,91
2024-07-02,28.0,1.5,34.5,25.2,53,80
2024-07-03,17.2,3.4,33.5,24.3,61,82
2024-07-04,21.1,0.0,36.3,25.6,3,77
2024-07-05,17.3,0.0,36.1,25.7,0,74
2024-07-06,17.8,0.0,37.1,27.3,3,73
2024-07-07,16.2,0.0,36.9,27.6,3,72
2024-07-08,16.6,0.0,36.7,28.2,3,72
2024-07-09,17.6,0.0,35.6,27.8,3,74
2024-07-10,18.0,10.9,32.7,25.2,63,83
2024-07-11,13.0,35.7,27.0,23.0,65,91
2024-07-12,10.2,45.2,28.9,23.0,63,92
2024-07-13,17.4,20.5,31.6,24.3,63,90
2024-07-14,11.7,26.3,30.7,24.4,63,91
2024-07-15,17.1,1.3,31.9,25.8,51,88
2024-07-16,22.7,0.0,33.8,27.0,3,78
2024-07-17,21.4,0.0,34.2,26.5,3,78
2024-07-18,17.8,0.9,35.9,27.4,53,73
2024-07-19,13.7,0.4,36.3,27.1,51,74
2024-07-20,20.2,0.0,35.8,28.0,3,74
2024-07-21,20.7,0.0,36.0,28.0,3,77
2024-07-22,25.8,0.0,35.5,27.6,3,75
2024-07-23,24.4,0.0,34.2,27.2,3,77
2024-07-24,24.0,0.0,33.8,27.0,3,78
2024-07-25,31.2,0.2,33.0,27.9,51,76
2024-07-26,39.2,9.7,30.8,27.2,61,82
2024-07-27,47.3,0.1,32.6,28.0,51,78
2024-07-28,35.4,0.0,33.2,27.5,3,76
2024-07-29,21.9,0.0,33.8,26.7,1,77
2024-07-30,22.7,0.0,34.4,27.0,1,76
2024-07-31,19.9,0.1,37.3,27.2,51,70
2024-08-01,14.4,0.4,38.2,29.1,51,63
2024-08-02,11.5,0.1,39.0,29.0,51,60
2024-08-03,14.0,1.3,39.8,28.8,53,64
2024-08-04,16.5,0.0,39.5,27.9,3,69
2024-08-05,18.6,0.3,37.0,27.5,51,71
2024-08-06,19.8,0.0,37.7,27.2,3,68
2024-08-07,18.4,2.4,37.5,27.0,61,74
2024-08-08,15.1,0.3,38.3,26.9,51,69
2024-08-09,17.1,0.0,39.0,27.2,3,68
2024-08-10,17.4,0.0,38.3,28.0,3,67
2024-08-11,17.7,0.3,39.4,28.8,51,66
2024-08-12,14.2,14.1,36.9,27.9,65,76
2024-08-13,19.5,0.3,34.2,27.2,51,80
2024-08-14,17.3,0.2,33.3,26.3,51,73
2024-08-15,16.5,0.6,33.2,26.2,51,73
2024-08-16,16.5,0.2,32.8,26.0,51,77
2024-08-17,18.4,0.0,33.8,26.2,1,72
2024-08-18,16.5,2.3,34.2,26.0,61,72
2024-08-19,23.4,0.3,35.0,27.3,51,70
2024-08-20,20.6,0.2,36.4,28.0,51,66
2024-08-21,22.0,18.8,36.8,27.1,65,72
2024-08-22,12.9,0.0,35.0,25.9,3,72
2024-08-23,17.5,0.0,36.3,26.5,1,68
2024-08-24,18.0,0.0,35.5,26.3,2,74
2024-08-25,19.2,0.4,35.6,26.6,51,72
2024-08-26,17.6,0.8,36.5,26.5,51,68
2024-08-27,12.3,11.4,34.4,25.4,63,79
2024-08-28,15.8,9.4,31.6,25.1,63,83
2024-08-29,16.6,0.8,33.2,27.0,51,76
2024-08-30,14.0,0.0,33.2,25.2,3,78
2024-08-31,14.4,0.0,34.7,25.4,1,70
2024-09-01,17.1,0.1,36.7,24.7,51,66
2024-09-02,15.4,0.6,36.8,26.6,51,67
2024-09-03,18.4,1.5,30.2,27.0,51,78
2024-09-04,16.5,1.9,33.2,26.2,53,72
2024-09-05,17.6,0.0,35.0,25.7,1,68
2024-09-06,16.2,0.0,34.3,25.4,3,66
2024-09-07,18.0,0.2,34.8,25.6,51,66
2024-09-08,20.6,0.1,34.1,26.1,51,72
2024-09-09,19.5,0.5,34.0,26.2,51,72
2024-09-10,22.9,17.4,31.5,26.6,63,79
2024-09-11,22.7,25.7,31.8,26.2,63,87
2024-09-12,18.3,0.2,31.0,26.5,51,85
2024-09-13,13.7,0.0,32.7,25.9,3,81
2024-09-14,17.3,0.1,31.1,24.5,51,84
2024-09-15,31.4,0.9,32.0,26.5,51,80
2024-09-16,56.2,51.8,28.7,26.1,63,89
2024-09-17,22.5,0.5,31.6,26.2,51,83
2024-09-18,22.2,1.1,30.6,25.0,51,83
2024-09-19,34.2,4.2,30.6,26.9,53,83
2024-09-20,19.8,75.7,27.9,25.9,65,93
2024-09-21,29.9,4.8,27.8,21.6,63,85
2024-09-22,30.2,0.0,25.0,19.2,3,72
2024-09-23,17.3,0.0,25.9,17.8,3,72
2024-09-24,10.0,2.5,25.0,21.0,61,85
2024-09-25,6.2,6.4,26.8,21.1,61,89
2024-09-26,15.3,0.0,27.5,22.8,3,84
2024-09-27,20.5,0.5,28.1,22.0,51,80
2024-09-28,21.0,0.0,27.5,21.2,2,79
2024-09-29,23.0,0.0,28.9,23.2,2,79
2024-09-30,19.9,1.2,29.1,23.8,51,84
2024-10-01,33.2,4.9,25.1,20.2,61,82
2024-10-02,27.2,0.0,23.4,16.3,3,61
2024-10-03,26.2,0.2,22.6,16.1,51,64
2024-10-04,24.4,0.0,24.5,14.9,3,66
2024-10-05,23.1,14.5,24.8,19.6,63,78
2024-10-06,24.2,43.9,22.0,19.2,65,89
2024-10-07,22.6,5.7,20.5,16.5,55,88
2024-10-08,22.3,1.6,22.2,15.6,53,79
2024-10-09,11.2,0.0,21.5,13.9,3,76
2024-10-10,10.5,0.0,22.5,11.8,3,74
2024-10-11,12.0,0.0,23.9,14.6,3,78
2024-10-12,16.3,0.0,24.7,16.9,3,78
2024-10-13,16.5,0.0,25.4,19.5,3,78
2024-10-14,13.9,3.8,27.2,20.6,61,86
2024-10-15,15.2,8.4,22.3,20.0,63,90
2024-10-16,19.5,11.1,23.9,19.8,63,88
2024-10-17,18.0,11.7,26.4,21.0,63,86
2024-10-18,16.8,0.6,29.4,22.0,51,85
2024-10-19,34.1,0.4,22.5,17.0,51,78
2024-10-20,20.2,3.3,21.5,16.5,55,77
2024-10-21,10.4,0.5,23.8,18.3,51,87
2024-10-22,23.6,0.1,20.1,15.2,51,84
2024-10-23,22.5,0.0,18.7,11.6,3,74
2024-10-24,21.0,0.0,20.2,12.9,3,74
2024-10-25,27.1,0.4,24.2,16.9,51,76
2024-10-26,21.0,10.6,24.8,21.5,63,92
2024-10-27,26.5,6.3,22.5,17.3,61,88
2024-10-28,19.3,0.3,19.9,13.8,51,80
2024-10-29,16.6,0.0,20.1,12.1,3,76
2024-10-30,23.2,0.0,21.5,14.1,3,77
2024-10-31,25.0,24.0,21.9,17.8,63,83
2024-11-01,41.1,106.8,22.3,17.3,65,92
2024-11-02,24.5,0.0,21.6,15.9,3,80
2024-11-03,8.1,0.0,22.5,14.1,3,89
2024-11-04,19.6,0.0,21.5,14.7,3,84
2024-11-05,19.9,0.0,17.8,12.1,3,70
2024-11-06,17.6,0.0,18.0,10.6,3,69
2024-11-07,14.5,0.0,17.2,10.2,3,72
2024-11-08,18.3,0.0,19.3,12.1,3,77
2024-11-09,21.9,0.0,21.5,17.3,3,79
2024-11-10,18.6,1.7,18.6,14.6,51,87
2024-11-11,14.1,0.0,21.0,13.7,3,84
2024-11-12,16.4,0.0,20.6,12.8,2,84
2024-11-13,11.4,0.0,21.5,15.3,3,81
2024-11-14,13.6,9.5,23.3,17.6,63,88
2024-11-15,10.5,2.2,22.1,19.4,53,95
2024-11-16,11.8,0.8,22.6,18.0,51,90
2024-11-17,20.3,1.7,18.1,13.8,53,77
2024-11-18,18.0,0.1,14.1,11.9,51,64
2024-11-19,10.3,0.0,14.9,10.9,3,67
2024-11-20,9.5,0.0,14.2,10.0,3,74
2024-11-21,10.7,0.0,14.6,7.8,0,72
2024-11-22,12.0,0.0,15.9,8.2,3,74
2024-11-23,10.8,0.0,15.4,9.6,3,69
2024-11-24,9.3,0.0,16.5,9.5,3,70
2024-11-25,19.1,12.8,18.0,10.1,63,83
2024-11-26,18.6,2.3,10.6,6.6,53,63
2024-11-27,18.3,0.0,11.4,4.7,1,54
2024-11-28,19.4,0.0,12.5,4.0,0,51
2024-11-29,13.9,0.0,13.6,3.5,0,50
2024-11-30,7.4,0.0,15.6,4.1,2,63
2024-12-01,9.2,0.0,18.1,7.8,2,62
2024-12-02,8.8,0.0,20.5,8.9,0,69
2024-12-03,12.7,0.0,15.8,9.9,3,78
2024-12-04,8.3,0.1,14.5,9.6,51,67
2024-12-05,7.4,0.9,12.6,7.7,51,76
2024-12-06,8.3,0.0,13.3,6.8,3,74
2024-12-07,14.1,0.0,12.9,5.4,3,74
2024-12-08,14.9,0.0,9.6,3.1,3,59
2024-12-09,7.6,0.0,10.9,3.3,3,65
2024-12-10,10.8,5.9,10.2,8.0,53,80
2024-12-11,14.0,9.9,8.2,5.8,61,87
2024-12-12,12.0,0.0,10.2,4.9,3,76
2024-12-13,16.0,0.1,9.9,5.1,51,70
2024-12-14,13.7,0.0,7.1,1.8,0,61
2024-12-15,10.3,0.0,8.1,-0.2,1,58
2024-12-16,10.4,0.0,10.4,0.6,0,62
2024-12-17,8.2,0.0,12.8,0.9,3,63
2024-12-18,17.2,0.4,8.6,3.1,51,74
2024-12-19,12.0,0.0,7.2,1.5,3,68
2024-12-20,8.1,0.0,9.4,1.5,3,72
2024-12-21,16.7,0.0,7.4,1.3,3,60
2024-12-22,14.4,0.0,6.6,0.6,3,66
2024-12-23,7.7,0.0,9.1,3.9,3,70
2024-12-24,8.4,0.0,10.6,3.0,3,70
2024-12-25,6.9,0.0,11.6,4.7,3,81
2024-12-26,12.6,0.0,10.9,3.4,1,74
2024-12-27,12.2,0.0,8.1,2.0,2,72
2024-12-28,16.3,0.0,5.1,-0.6,0,51
2024-12-29,10.2,0.0,8.2,-1.0,3,55
2024-12-30,12.0,0.0,12.9,2.8,1,58
2024-12-31,11.0,0.0,9.6,2.2,1,63
2025-01-01,8.8,0.0,11.9,1.1,0,73
2025-01-02,10.6,0.0,13.4,5.1,1,75
2025-01-03,10.1,0.0,11.1,3.3,3,76
2025-01-04,9.0,0.0,12.4,3.0,3,69
2025-01-05,13.4,0.0,14.1,6.1,3,67
2025-01-06,15.1,0.0,11.1,4.6,3,57
2025-01-07,9.6,0.0,8.8,1.5,3,52
2025-01-08,13.6,0.0,11.0,0.1,3,50
2025-01-09,15.8,0.0,4.4,0.2,3,53
2025-01-10,11.9,0.0,4.1,-1.5,3,51
2025-01-11,8.1,0.0,5.6,-1.0,3,45
2025-01-12,12.6,0.1,9.6,0.8,51,51
2025-01-13,9.8,0.0,13.1,1.1,1,57
2025-01-14,15.2,0.0,16.5,6.1,3,62
2025-01-15,18.2,0.0,7.2,0.4,3,51
2025-01-16,7.9,0.0,6.4,-2.7,3,42
2025-01-17,6.8,0.0,9.8,-1.4,3,43
2025-01-18,8.8,0.0,12.4,1.3,3,61
2025-01-19,7.9,0.0,14.5,2.8,3,65
2025-01-20,8.5,0.0,13.4,2.3,3,52
2025-01-21,9.9,0.0,14.9,2.1,3,67
2025-01-22,13.0,0.0,16.3,6.1,3,75
2025-01-23,12.3,0.2,14.7,8.6,51,83
2025-01-24,13.6,0.0,14.5,8.3,3,73
2025-01-25,15.7,0.0,10.6,8.9,3,67
2025-01-26,16.2,2.4,8.7,4.8,53,72
2025-01-27,16.8,0.0,5.4,0.2,3,44
2025-01-28,15.1,0.0,6.5,-2.1,0,36
2025-01-29,9.2,0.0,7.7,-1.5,1,45
2025-01-30,16.0,0.0,13.4,1.8,3,60
2025-01-31,13.8,9.7,12.7,8.0,61,87
2025-02-01,20.3,5.8,10.9,6.7,55,86
2025-02-02,15.3,0.6,8.5,4.8,51,78
2025-02-03,15.7,0.0,8.4,2.4,3,67
2025-02-04,18.8,0.1,8.0,-0.2,51,71
2025-02-05,19.9,0.0,11.2,0.6,3,67
2025-02-06,7.2,0.0,8.5,-0.9,3,61
2025-02-07,22.6,0.0,4.1,-3.5,3,48
2025-02-08,14.0,0.0,0.9,-4.9,1,39
2025-02-09,8.1,0.0,3.5,-3.9,3,44
2025-02-10,10.2,0.0,8.1,-2.0,2,58
2025-02-11,17.3,3.8,12.9,3.5,61,74
2025-02-12,17.6,0.7,10.2,4.3,53,76
2025-02-13,10.4,0.0,8.9,2.0,1,58
2025-02-14,9.3,0.9,11.8,2.0,53,72
2025-02-15,9.1,9.9,9.6,5.7,61,92
2025-02-16,14.1,0.0,15.3,3.2,3,73
2025-02-17,12.2,0.0,8.8,3.5,3,62
2025-02-18,10.3,0.0,10.4,2.5,3,66
2025-02-19,12.4,0.0,10.4,2.8,3,70
2025-02-20,12.9,0.7,8.4,5.1,51,61
2025-02-21,12.7,0.8,8.4,3.7,51,62
2025-02-22,12.1,0.6,8.6,3.4,51,62
2025-02-23,12.7,0.3,7.7,3.7,51,67
2025-02-24,9.7,0.0,8.3,-0.4,1,65
2025-02-25,10.1,0.0,8.6,1.9,3,66
2025-02-26,11.6,0.0,14.4,3.0,3,63
2025-02-27,11.8,2.0,17.0,7.6,61,77
2025-02-28,13.5,0.0,20.1,7.3,3,88
2025-03-01,16.2,0.0,28.6,13.9,3,67
2025-03-02,14.0,0.2,29.4,15.4,51,66
2025-03-03,17.5,4.7,14.4,8.4,61,80
2025-03-04,24.5,8.5,8.4,6.4,63,85
2025-03-05,15.1,0.0,9.1,5.4,3,76
2025-03-06,18.0,0.3,10.4,4.8,51,70
2025-03-07,9.2,0.0,10.2,3.5,3,68
2025-03-08,11.2,0.0,11.9,1.6,3,74
2025-03-09,11.7,0.6,13.8,4.8,53,77
2025-03-10,8.3,1.6,15.1,9.4,53,83
2025-03-11,10.1,0.1,18.4,9.4,51,88
2025-03-12,12.3,15.2,13.9,10.1,61,94
2025-03-13,13.8,1.9,12.5,8.9,53,78
2025-03-14,12.3,7.4,12.4,8.8,61,80
2025-03-15,19.1,3.2,10.6,7.8,53,84
2025-03-16,20.3,0.9,9.1,3.8,51,66
2025-03-17,10.7,0.0,11.4,1.2,3,57
2025-03-18,18.1,0.0,11.6,4.2,3,56
2025-03-19,9.4,0.0,12.2,1.5,2,56
2025-03-20,14.2,0.0,19.2,5.1,1,59
2025-03-21,14.9,0.0,24.0,9.4,1,40
2025-03-22,17.7,0.0,26.4,12.3,0,28
2025-03-23,17.4,0.7,28.2,14.3,51,34
2025-03-24,16.6,0.7,28.6,15.3,53,40
2025-03-25,14.2,0.0,31.0,16.3,0,31
2025-03-26,16.8,0.0,32.2,17.0,3,53
2025-03-27,21.0,21.1,21.6,10.9,63,74
2025-03-28,18.3,12.1,12.0,6.4,63,66
2025-03-29,10.9,0.0,10.5,6.5,3,70
2025-03-30,8.9,0.0,10.9,5.9,3,56
2025-03-31,10.9,0.0,12.6,4.8,3,59
2025-04-01,8.8,0.0,14.7,6.2,3,56
2025-04-02,19.3,0.0,22.1,5.9,3,61
2025-04-03,10.3,0.0,18.9,7.8,3,53
2025-04-04,13.5,0.0,20.3,7.6,3,61
2025-04-05,14.5,0.8,23.0,13.8,53,59
2025-04-06,10.1,0.0,24.0,10.5,2,66
2025-04-07,13.6,0.0,26.9,12.3,3,56
2025-04-08,14.5,0.0,30.0,15.2,3,44
2025-04-09,13.5,0.0,30.8,17.0,3,54
2025-04-10,11.3,0.0,26.2,14.9,3,62
2025-04-11,15.4,0.0,29.5,12.7,3,70
2025-04-12,28.0,10.7,21.8,9.9,63,73
2025-04-13,22.7,0.0,19.3,8.0,1,40
2025-04-14,23.3,0.0,22.2,13.6,1,40
2025-04-15,12.3,0.0,26.4,12.2,3,34
2025-04-16,17.0,0.0,30.1,15.6,3,44
2025-04-17,15.1,0.0,31.4,20.7,3,44
2025-04-18,15.0,0.0,31.0,17.4,3,68
2025-04-19,15.4,2.7,32.0,18.0,61,75
2025-04-20,13.6,0.0,23.5,14.4,3,69
2025-04-21,15.4,20.9,26.2,13.8,63,79
2025-04-22,18.2,15.0,23.3,15.2,63,83
2025-04-23,12.2,0.5,24.4,14.6,51,67
2025-04-24,9.9,0.6,26.0,15.4,51,67
2025-04-25,11.0,0.0,20.5,13.9,3,48
2025-04-26,14.0,0.0,24.2,11.1,3,44
2025-04-27,17.1,0.1,24.8,13.5,51,63
2025-04-28,13.8,0.0,24.0,15.0,3,66
2025-04-29,15.5,0.0,27.9,12.2,3,54
2025-04-30,14.9,0.0,29.6,17.5,3,54
2025-05-01,24.5,1.9,30.5,18.8,53,49
2025-05-02,16.6,0.0,28.8,15.1,3,49
2025-05-03,19.5,0.0,28.1,14.8,3,57
2025-05-04,14.0,0.0,22.5,13.4,3,54
2025-05-05,16.8,4.7,22.9,15.9,55,80
2025-05-06,19.6,0.0,26.5,14.6,3,73
2025-05-07,13.3,0.0,24.8,13.6,3,74
2025-05-08,28.8,20.3,22.4,15.2,63,81
2025-05-09,22.4,7.0,23.8,19.1,63,78
2025-05-10,19.2,0.0,23.2,17.5,3,67
2025-05-11,16.8,0.0,24.0,16.0,3,59
2025-05-12,13.3,0.0,28.5,15.8,0,48
2025-05-13,18.4,0.0,28.4,18.8,3,53
2025-05-14,15.3,0.0,33.4,19.9,3,65
2025-05-15,11.6,0.0,33.5,21.0,3,65
2025-05-16,16.5,11.9,25.9,20.9,63,85
2025-05-17,12.9,0.0,31.2,19.2,3,73
2025-05-18,14.1,0.0,22.4,17.8,3,71
2025-05-19,12.8,0.0,30.8,19.4,3,75
2025-05-20,12.4,7.8,29.5,22.4,63,84
2025-05-21,13.8,25.7,28.5,23.0,63,89
2025-05-22,11.2,0.0,28.4,21.4,3,89
2025-05-23,16.9,27.9,21.5,19.6,63,93
2025-05-24,17.6,0.5,22.8,18.0,51,70
2025-05-25,9.5,0.0,24.6,16.4,3,67
2025-05-26,10.3,0.0,25.3,15.1,3,71
2025-05-27,12.9,0.0,25.3,16.6,3,69
2025-05-28,9.6,0.0,23.3,17.9,3,70
2025-05-29,8.2,0.0,25.9,14.9,3,77
2025-05-30,11.2,0.0,28.8,15.9,3,65
2025-05-31,16.0,6.4,26.0,17.8,61,68
2025-06-01,18.5,36.2,20.3,17.6,63,92
2025-06-02,14.7,5.4,23.1,18.6,61,91
2025-06-03,9.6,0.0,26.2,17.5,3,76
2025-06-04,9.0,0.0,30.5,19.5,3,68
2025-06-05,15.1,0.0,30.4,20.8,3,54
2025-06-06,13.9,0.0,30.9,21.8,2,70
2025-06-07,10.2,20.2,25.9,23.0,63,93
2025-06-08,14.0,47.4,23.9,22.0,63,96
2025-06-09,11.8,11.6,24.4,21.7,63,91
2025-06-10,10.8,37.1,25.2,21.0,65,88
2025-06-11,10.3,2.8,24.5,20.1,55,88
2025-06-12,14.2,14.6,24.5,19.5,65,88
2025-06-13,13.8,11.6,27.0,23.3,61,95
2025-06-14,10.6,2.9,31.4,23.6,55,89
2025-06-15,11.9,16.6,27.2,23.0,63,90
2025-06-16,13.3,3.2,30.9,21.5,55,75
2025-06-17,9.9,0.0,33.3,24.2,3,68
2025-06-18,9.1,0.0,33.2,22.7,3,78
2025-06-19,11.5,6.1,29.5,25.6,61,84
2025-06-20,15.2,2.2,32.0,26.1,53,80
2025-06-21,20.8,7.6,33.7,22.0,63,82
2025-06-22,15.0,38.4,24.1,21.1,63,92
2025-06-23,13.8,26.6,23.5,20.9,63,92
2025-06-24,7.7,3.0,26.0,20.5,53,86
2025-06-25,8.4,1.3,28.3,19.5,53,83
2025-06-26,9.5,1.2,33.5,22.9,53,83
2025-06-27,7.8,14.7,33.8,25.5,65,85
2025-06-28,9.2,0.3,33.5,25.1,51,83
2025-06-29,13.0,0.0,33.2,24.9,3,78
2025-06-30,14.4,0.9,34.0,26.6,53,75
2025-07-01,15.1,0.0,35.4,27.5,3,68
2025-07-02,13.9,0.0,35.4,27.6,3,69
2025-07-03,15.5,0.0,35.5,27.0,3,63
2025-07-04,15.3,0.0,37.1,27.0,3,65
2025-07-05,14.9,0.0,38.3,27.5,3,65
2025-07-06,14.9,0.2,38.3,28.1,51,64
2025-07-07,15.1,0.7,35.2,27.4,51,66
2025-07-08,21.0,14.4,31.6,26.3,63,80
2025-07-09,19.5,2.0,32.2,26.4,51,78
2025-07-10,19.4,7.3,31.1,26.0,61,78
2025-07-11,19.4,15.5,29.6,25.4,63,85
2025-07-12,19.6,10.0,28.8,25.5,61,86
2025-07-13,11.7,1.0,31.3,24.8,51,79
2025-07-14,16.2,0.2,33.5,25.9,51,73
2025-07-15,11.4,0.2,35.5,24.0,51,62
2025-07-16,12.1,0.3,38.2,28.9,51,65
2025-07-17,12.9,10.1,37.8,26.7,63,76
2025-07-18,10.9,22.3,32.4,24.9,65,85
2025-07-19,19.9,1.8,32.4,25.5,61,81
2025-07-20,20.6,0.5,33.2,26.8,51,77
2025-07-21,20.9,0.9,32.2,27.4,51,76
2025-07-22,17.0,0.9,33.0,26.6,51,75
2025-07-23,17.3,0.4,33.3,26.3,51,74
2025-07-24,17.8,1.6,32.8,26.6,53,75
2025-07-25,23.9,2.3,32.9,27.2,53,74
2025-07-26,20.0,6.9,30.6,26.7,53,81
2025-07-27,18.4,4.2,30.8,26.7,53,79
2025-07-28,18.4,7.6,31.2,26.0,61,84
2025-07-29,20.4,16.5,30.4,25.2,65,82
2025-07-30,36.6,82.2,27.4,25.5,65,92
2025-07-31,23.1,23.0,30.3,25.5,63,86
2025-08-01,14.8,3.0,32.0,26.5,55,87
2025-08-02,10.6,22.5,31.5,26.6,65,89
2025-08-03,12.1,8.1,32.3,26.1,63,85
2025-08-04,8.3,0.5,33.1,26.4,51,83
2025-08-05,15.6,0.3,32.6,27.2,51,82
2025-08-06,12.1,3.3,33.8,28.4,61,78
2025-08-07,11.1,0.0,34.8,28.1,3,71
2025-08-08,14.4,0.1,35.9,28.0,51,64
2025-08-09,16.4,0.3,36.4,29.9,51,61
2025-08-10,15.9,2.1,35.5,26.9,55,66
2025-08-11,9.8,5.6,33.4,26.6,63,81
2025-08-12,14.1,3.7,36.0,26.4,63,76
2025-08-13,17.8,0.2,35.3,28.4,51,67
2025-08-14,16.9,0.0,35.8,28.0,3,68
2025-08-15,14.8,0.0,36.0,27.7,1,67
2025-08-16,14.4,0.0,36.0,27.0,1,65
2025-08-17,14.5,0.0,37.1,27.4,3,64
2025-08-18,15.3,0.9,36.3,27.8,53,64
2025-08-19,14.7,0.8,37.5,28.4,51,64
2025-08-20,12.1,0.5,37.8,28.0,51,65
2025-08-21,13.0,0.0,39.0,27.8,1,64
2025-08-22,12.5,0.0,37.8,28.9,1,60
2025-08-23,13.0,0.2,39.1,29.0,51,58
2025-08-24,12.4,3.5,40.1,29.5,61,62
2025-08-25,10.8,3.5,36.8,28.2,63,67
2025-08-26,8.4,9.2,33.0,26.6,63,84
2025-08-27,12.6,0.0,34.0,26.6,3,75
2025-08-28,13.1,0.0,34.5,27.2,3,71
2025-08-29,14.0,0.0,35.5,27.2,3,68
2025-08-30,14.4,0.1,36.2,27.5,51,67
2025-08-31,10.2,4.6,36.0,27.0,61,74
2025-09-01,12.7,8.9,35.1,25.6,63,82
2025-09-02,7.1,5.1,30.8,25.1,61,89
2025-09-03,7.3,3.7,31.9,25.5,55,86
2025-09-04,7.9,3.9,32.4,25.1,61,84
2025-09-05,10.6,0.0,34.2,26.6,3,77
2025-09-06,20.7,3.6,35.5,26.1,61,77
2025-09-07,8.5,6.6,32.9,25.5,63,84
2025-09-08,8.7,1.7,34.3,27.8,53,76
2025-09-09,12.9,16.2,29.5,25.2,65,89
2025-09-10,11.2,0.4,29.7,24.2,51,79
2025-09-11,9.1,0.8,30.1,23.0,53,72
2025-09-12,9.2,1.3,34.2,24.8,53,77
2025-09-13,9.2,20.2,31.8,25.6,63,85
2025-09-14,9.6,26.7,32.5,25.0,65,89
2025-09-15,10.3,3.7,32.8,24.9,63,84
2025-09-16,9.8,0.2,34.6,26.9,51,74
2025-09-17,13.0,9.4,34.7,25.8,63,79
2025-09-18,15.4,1.1,28.9,24.0,53,77
2025-09-19,12.5,0.6,29.7,24.0,51,76
2025-09-20,12.8,4.8,26.6,23.3,61,82
2025-09-21,15.2,0.0,28.5,23.4,3,63
2025-09-22,11.4,0.0,30.2,22.7,3,67
2025-09-23,16.3,4.4,31.0,25.3,61,76
2025-09-24,13.3,0.5,30.0,26.1,51,81
2025-09-25,10.6,0.8,34.1,26.3,51,72
2025-09-26,8.5,1.3,34.8,25.6,55,73
2025-09-27,9.8,1.2,33.8,25.2,53,75
2025-09-28,9.4,7.5,34.5,25.4,63,80
2025-09-29,10.5,1.9,29.0,24.1,53,79
2025-09-30,14.5,17.1,26.6,22.9,63,88
2025-10-01,7.6,1.5,26.9,21.2,53,80
2025-10-02,16.8,1.4,31.2,23.5,55,77
2025-10-03,11.7,0.4,30.5,24.8,51,81
2025-10-04,8.5,0.6,29.9,23.4,51,82
2025-10-05,6.7,0.8,32.9,24.7,51,77
2025-10-06,7.9,0.6,36.2,26.2,51,70
2025-10-07,11.5,0.0,32.2,24.8,2,75
2025-10-08,12.9,0.0,29.3,23.7,3,68
2025-10-09,10.4,0.0,29.7,22.1,2,67
2025-10-10,11.7,0.0,32.8,23.9,1,70
2025-10-11,11.7,0.0,34.2,23.3,0,70
2025-10-12,11.4,0.0,33.1,24.6,3,78
2025-10-13,10.8,3.1,31.4,24.4,61,84
2025-10-14,12.7,0.2,25.5,21.8,51,84
2025-10-15,9.0,9.0,30.1,22.7,63,82
2025-10-16,14.8,3.2,27.0,22.8,53,84
2025-10-17,8.5,0.5,28.1,22.2,51,80
2025-10-18,23.2,14.7,24.2,19.5,63,85
2025-10-19,17.4,0.7,21.8,17.6,51,70
2025-10-20,20.9,0.2,18.6,16.5,51,68
2025-10-21,23.5,0.2,18.0,16.5,51,66
2025-10-22,19.7,0.0,19.1,15.2,3,62
2025-10-23,17.6,0.0,19.5,14.2,3,64
2025-10-24,15.8,0.0,21.1,14.9,3,62
2025-10-25,13.0,0.0,21.0,15.8,3,66
2025-10-26,13.2,0.5,19.0,14.9,51,71
2025-10-27,12.8,0.1,19.1,13.4,51,66
2025-10-28,11.8,0.0,19.6,13.1,3,58
2025-10-29,13.0,0.0,21.6,13.4,3,62
2025-10-30,11.6,2.9,20.4,16.5,53,76
2025-10-31,11.7,0.4,22.0,15.6,51,72
2025-11-01,9.2,0.1,21.2,14.7,51,73
2025-11-02,13.5,0.0,21.3,13.9,3,66
2025-11-03,12.0,0.0,18.0,11.9,3,61
2025-11-04,8.7,0.0,17.1,11.9,3,70
2025-11-05,12.6,1.0,20.4,12.9,51,80
2025-11-06,15.5,2.1,22.2,15.5,53,80
2025-11-07,8.5,2.3,19.4,16.8,51,87
2025-11-08,11.3,3.6,21.1,17.2,53,89
2025-11-09,13.3,0.4,19.4,16.0,51,84
2025-11-10,13.7,0.0,17.5,13.9,3,68
2025-11-11,15.8,1.0,18.0,13.4,53,66
2025-11-12,13.5,0.0,17.6,14.6,3,73
2025-11-13,14.0,0.0,19.7,13.4,3,72
2025-11-14,8.8,0.0,19.2,11.1,0,76
2025-11-15,8.6,0.0,20.0,11.1,0,76
2025-11-16,8.8,0.0,23.4,12.0,3,74
2025-11-17,22.5,1.9,16.9,6.6,51,75
2025-11-18,14.7,0.0,9.6,4.2,3,45
2025-11-19,11.7,0.0,11.1,2.7,3,41
2025-11-20,5.8,0.0,14.4,2.7,3,51
2025-11-21,7.5,0.0,17.2,5.9,3,53
2025-11-22,9.7,0.0,17.7,3.5,3,64
2025-11-23,7.4,0.0,20.7,8.6,2,57
2025-11-24,14.6,0.0,20.4,12.1,3,50
2025-11-25,18.0,0.0,13.4,7.3,0,33
2025-11-26,8.9,0.0,15.9,2.0,0,48
2025-11-27,18.7,0.0,13.9,6.9,3,37
2025-11-28,10.2,0.0,15.4,2.1,0,48
2025-11-29,10.4,0.0,20.8,7.6,0,54
2025-11-30,7.4,0.0,22.8,8.6,3,55
2025-12-01,13.5,0.0,18.2,10.1,3,68
2025-12-02,14.5,0.0,15.9,10.8,3,65
2025-12-03,16.1,0.0,11.1,4.3,3,58
2025-12-04,7.6,0.0,10.9,0.5,3,45
2025-12-05,7.3,0.0,12.6,5.6,3,52
2025-12-06,8.2,0.0,17.1,5.8,0,58
2025-12-07,10.4,0.0,20.1,7.6,1,69
2025-12-08,14.3,0.0,15.5,9.1,3,65
2025-12-09,11.1,0.0,15.1,6.3,3,68
2025-12-10,13.0,0.0,18.7,10.2,3,72
2025-12-11,18.2,0.0,17.0,10.0,3,71
2025-12-12,16.0,0.0,13.1,9.1,3,61
2025-12-13,20.8,0.6,9.6,4.3,51,72
2025-12-14,15.0,0.0,8.1,0.8,3,55
2025-12-15,12.5,0.0,12.4,0.0,0,66
2025-12-16,9.7,0.0,17.2,6.1,3,59
2025-12-17,13.2,0.0,13.9,6.6,1,67
2025-12-18,11.9,0.0,15.2,4.3,0,71
2025-12-19,12.2,0.0,21.1,11.4,1,71
2025-12-20,19.5,0.3,19.5,10.6,51,77
2025-12-21,18.7,2.0,10.4,5.5,53,61
2025-12-22,11.4,0.0,11.4,4.0,3,68
2025-12-23,13.4,0.0,17.5,9.4,3,71
2025-12-24,12.6,3.7,9.6,7.2,53,83
2025-12-25,19.5,0.0,8.4,2.8,3,59
2025-12-26,10.8,0.0,6.8,0.5,3,62
2025-12-27,6.3,0.0,11.6,1.5,1,66
2025-12-28,9.1,0.0,13.8,0.2,3,65
2025-12-29,10.1,0.0,17.4,3.9,3,66
2025-12-30,15.2,0.0,13.2,7.9,3,71
2025-12-31,20.7,0.0,11.0,6.3,3,60
2026-01-01,15.8,1.8,6.0,3.3,53,66
2026-01-02,18.4,0.0,3.8,-0.6,3,54
2026-01-03,8.4,0.0,6.8,-3.0,0,53
2026-01-04,8.8,1.2,10.7,-0.4,53,65
2026-01-05,17.2,1.3,7.2,3.0,53,76
2026-01-06,15.1,0.2,8.1,0.6,51,74
2026-01-07,12.2,0.0,9.6,0.1,0,59
2026-01-08,12.6,0.0,8.6,-1.0,1,64
2026-01-09,11.8,0.0,11.1,0.1,3,65
2026-01-10,16.0,0.0,13.1,4.3,3,38
2026-01-11,15.9,0.0,6.7,0.0,3,33
2026-01-12,11.6,0.0,13.1,-0.8,3,47
2026-01-13,11.7,0.0,15.7,3.2,0,44
2026-01-14,13.0,0.0,20.2,6.8,3,53
2026-01-15,12.9,0.0,20.1,8.6,1,52
2026-01-16,8.1,0.0,20.1,6.8,1,72
2026-01-17,16.5,0.0,14.1,8.1,3,80
2026-01-18,10.9,0.0,14.4,6.8,3,80
2026-01-19,20.3,1.5,10.6,2.7,51,78
2026-01-20,19.6,1.0,2.8,1.0,73,69
2026-01-21,17.0,0.0,2.1,-2.3,3,67
2026-01-22,14.6,0.0,3.2,-2.2,3,65
2026-01-23,7.8,0.0,8.4,-2.2,1,66
2026-01-24,9.4,0.0,8.9,0.1,3,69
2026-01-25,14.0,0.0,13.5,3.5,3,76
2026-01-26,14.8,8.1,10.7,5.3,61,87
2026-01-27,14.4,0.0,7.2,3.3,3,74
2026-01-28,6.9,0.0,7.2,3.1,3,70
2026-01-29,11.9,0.0,9.6,4.3,3,66
2026-01-30,18.6,15.6,7.3,3.2,55,84
2026-01-31,12.6,4.0,5.9,1.9,53,82
2026-02-01,7.1,0.0,7.4,-0.9,3,79
2026-02-02,13.7,0.0,9.2,0.8,3,74
2026-02-03,11.0,0.0,10.0,0.7,3,68
2026-02-04,9.8,0.0,16.1,6.5,3,69
2026-02-05,8.2,2.7,13.6,8.2,55,78
2026-02-06,18.9,11.9,8.9,1.5,73,86
2026-02-07,16.8,0.2,3.3,-0.2,51,71
2026-02-08,14.9,0.0,2.8,-1.9,2,57
2026-02-09,12.4,0.7,6.6,-3.7,53,69
2026-02-10,15.5,2.3,11.1,5.1,53,78
2026-02-11,9.7,0.0,12.3,2.5,3,75
2026-02-12,10.3,0.0,14.1,2.7,0,74
2026-02-13,10.8,0.0,18.2,5.9,3,74
2026-02-14,9.4,2.2,20.9,11.8,61,76
2026-02-15,19.3,0.0,20.1,7.8,3,82
2026-02-16,18.9,9.6,8.8,4.3,61,78
2026-02-17,10.5,0.0,8.4,3.7,3,65
2026-02-18,9.5,0.0,12.6,2.2,3,61
2026-02-19,9.8,0.0,13.3,3.2,3,66
2026-02-20,13.5,0.0,18.1,4.8,0,61
2026-02-21,13.4,0.0,21.5,7.9,0,62
2026-02-22,19.2,0.0,20.8,7.8,0,51
2026-02-23,16.5,3.0,14.1,7.0,63,61
2026-02-24,14.7,10.9,10.4,7.7,61,87
2026-02-25,10.8,0.0,10.4,7.3,3,80
2026-02-26,15.2,24.4,13.8,8.2,63,90
2026-02-27,12.9,3.9,12.6,8.1,61,88
2026-02-28,11.0,0.2,13.9,7.6,51,82
2026-03-01,14.2,24.0,13.7,10.9,63,91
2026-03-02,25.1,0.2,11.6,7.2,51,86
2026-03-03,16.8,0.2,9.6,6.5,51,78
2026-03-04,10.2,0.0,10.9,6.7,3,77
2026-03-05,9.4,1.9,14.0,7.6,53,86
2026-03-06,16.9,0.1,10.8,5.2,51,76
2026-03-07,12.7,0.4,10.6,4.3,71,66
2026-03-08,9.1,0.0,11.4,4.6,3,75
2026-03-09,17.4,0.0,11.6,5.0,3,69
2026-03-10,10.1,0.0,12.4,2.2,3,65
2026-03-11,12.3,0.2,15.4,4.2,51,70
2026-03-12,15.4,0.0,14.5,5.6,1,66
2026-03-13,10.5,0.0,15.9,4.8,0,66
2026-03-14,14.1,0.0,17.1,6.2,2,68
2026-03-15,10.3,0.7,17.1,8.5,51,72
2026-03-16,10.7,2.8,13.6,8.9,53,78
2026-03-17,14.2,7.4,12.7,8.6,61,90
2026-03-18,13.7,12.1,13.2,7.7,61,91
2026-03-19,8.9,0.0,13.4,6.7,3,74
2026-03-20,11.4,0.2,14.6,6.5,51,73
2026-03-21,10.7,0.0,14.9,4.8,3,77
2026-03-22,9.7,0.0,19.8,8.8,3,78
2026-03-23,10.3,0.0,15.4,11.1,3,78
2026-03-24,8.8,9.1,13.9,10.1,61,84
2026-03-25,10.1,0.0,17.7,9.3,3,79
2026-03-26,8.5,3.0,16.4,9.1,61,78
2026-03-27,7.5,3.5,18.6,10.7,61,75
2026-03-28,10.6,0.0,21.2,8.6,3,62
2026-03-29,13.7,0.0,21.2,12.1,3,73
2026-03-30,17.7,20.3,21.6,13.9,65,89
2026-03-31,14.2,10.3,16.7,10.6,63,83
2026-04-01,9.3,5.4,19.0,10.1,61,77
2026-04-02,14.0,0.0,22.4,11.2,3,72
2026-04-03,16.8,19.6,16.0,14.7,63,88
2026-04-04,17.7,1.3,21.0,12.3,51,79
2026-04-05,14.5,0.0,24.7,12.0,3,80
2026-04-06,15.6,0.0,26.8,13.1,3,74
2026-04-07,15.2,0.0,16.8,11.4,3,58
2026-04-08,22.4,0.0,17.9,9.6,3,67
2026-04-09,22.4,21.9,28.1,16.2,65,75
2026-04-10,10.7,5.9,23.9,15.4,63,80
2026-04-11,12.8,5.0,19.4,12.9,61,81
2026-04-12,17.5,8.2,15.8,12.7,55,90
2026-04-13,9.2,1.0,19.5,14.6,51,87
2026-04-14,8.7,5.2,18.2,14.3,61,89
2026-04-15,10.7,0.3,20.1,13.5,51,80
2026-04-16,12.1,4.2,20.7,13.9,53,78
2026-04-17,11.3,0.1,21.0,14.6,51,85
2026-04-18,11.5,0.1,20.5,13.9,51,79
2026-04-19,15.0,0.0,22.0,12.9,3,84
2026-04-20,18.9,0.2,21.5,12.6,51,85
2026-04-21,13.8,2.8,15.6,12.2,61,73
2026-04-22,14.8,26.3,19.6,13.6,63,93
2026-04-23,11.6,4.4,15.1,12.6,61,80
2026-04-24,7.6,0.2,20.2,11.4,51,77
2026-04-25,10.5,0.0,21.6,11.8,3,75
2026-04-26,10.3,0.0,23.9,12.5,3,71
2026-04-27,11.1,0.3,28.4,14.9,51,72
2026-04-28,18.2,13.3,21.5,12.4,61,79
2026-04-29,14.4,28.3,12.2,10.2,63,87
2026-04-30,9.7,0.0,18.3,8.8,3,68
2026-05-01,11.1,0.0,23.4,11.2,3,63
2026-05-02,16.9,1.5,23.6,14.7,53,75
2026-05-03,21.5,7.9,21.0,14.6,61,80
2026-05-04,8.3,0.0,23.9,13.2,3,72
2026-05-05,14.2,0.0,25.9,15.3,3,68
2026-05-06,14.0,0.0,25.5,16.2,3,68
2026-05-07,16.3,0.1,29.0,16.3,51,74
2026-05-08,16.5,0.0,19.5,15.3,3,53
2026-05-09,13.9,0.0,24.0,12.1,3,47
2026-05-10,14.2,0.0,25.5,13.4,3,59
2026-05-11,13.1,0.0,31.9,18.0,3,68
2026-05-12,12.2,4.5,31.4,19.2,61,74
2026-05-13,10.5,0.6,29.6,19.4,51,75
2026-05-14,14.2,0.1,29.1,20.4,51,78
2026-05-15,15.2,0.0,27.8,19.6,3,71
2026-05-16,18.4,0.0,29.0,18.8,0,68
2026-05-17,19.5,0.0,29.6,19.3,3,65
2026-05-18,20.0,0.0,29.0,20.2,3,65
2026-05-19,16.1,1.9,29.2,21.8,51,71
2026-05-20,14.6,30.3,29.0,22.5,65,87
2026-05-21,12.7,0.0,26.4,18.5,3,77
2026-05-22,11.5,0.1,26.9,16.9,51,79
2026-05-23,10.4,2.5,31.8,20.9,55,82
2026-05-24,16.3,13.4,27.5,22.1,63,93
2026-05-25,8.3,7.5,30.6,22.4,61,88
2026-05-26,12.9,16.6,31.0,25.1,63,87
2026-05-27,13.7,0.3,28.2,23.4,51,81
2026-05-28,11.5,2.4,27.7,22.1,51,82
2026-05-29,10.3,0.0,26.3,19.5,2,68
2026-05-30,8.9,0.0,28.1,17.8,3,60
2026-05-31,13.3,0.0,29.4,17.2,1,54
2026-06-01,12.3,0.1,31.4,18.8,51,70
2026-06-02,13.5,0.0,32.8,22.3,3,68
2026-06-03,11.7,16.0,33.7,23.6,63,78
2026-06-04,11.5,23.1,29.1,24.0,63,84
2026-06-05,13.0,0.1,26.4,20.6,51,78
2026-06-06,13.2,0.0,27.0,19.0,3,70
2026-06-07,12.7,0.0,28.6,20.0,3,74
